Expression,Result
1 - 26,-25.0
1 divide 65,0.0153846153846153
1 divide 35,0.02857142857142857142857142857
